subject,exp_group,trial_type,gesture,gesture_confidence,gesture_score,gesture_score_consensus,gesture_agreement,pose,pose_confidence,pose_score,pose_score_consensus,pose_agreement,object,objects_score,objects_confidence,objects_guess
1,color,off,Open Hand,1,0.333333333,0,agreement,+,3,1,1,agreement,lamp,1,3,lamp
1,color,off,Peace,1,0.5,0.5,agreement,I,3,1,1,agreement,spray,1,1,spray
1,color,off,Fist,1,0.5,0.5,agreement,/,2,1,1,agreement,plant,0,1,spray
1,color,off,Thumbs up,1,0.166666667,0,agreement,T,2,1,1,agreement,basket,0,2,books
1,color,off,Shaka,1,0.333333333,0,agreement,Y,2,1,1,agreement,bin,1,2,bin
1,color,off,OK,1,0,0,agreement,O,1,1,1,agreement,books,0,2,bin
1,color,on,Open Hand,2,0,0,agreement,/,3,1,1,agreement,basket,1,2,basket
1,color,on,OK,2,0,0,agreement,Y,3,1,1,agreement,spray,1,2,spray
1,color,on,Thumbs up,1,0.166666667,0,agreement,+,3,1,1,agreement,bin,1,3,bin
1,color,on,Shaka,2,0.666666667,1,agreement,O,3,1,1,agreement,books,1,2,books
1,color,on,Fist,2,0.166666667,0,agreement,I,3,1,1,agreement,lamp,1,3,lamp
1,color,on,Peace,2,0.5,0.5,disagreement,T,3,1,1,agreement,plant,1,2,plant
2,control,off,Shaka,1,0,0,agreement,I,3,0.833333333,1,agreement,plant,0,2,bin
2,control,off,Fist,1,0,0,agreement,+,3,1,1,agreement,basket,0,2,books
2,control,off,Open Hand,1,0.333333333,0.5,agreement,O,2,1,1,agreement,books,0,1,spray
2,control,off,Thumbs up,1,0.166666667,0,agreement,/,2,1,1,agreement,lamp,1,2,lamp
2,control,off,OK,2,0.5,0.5,agreement,T,2,1,1,agreement,bin,0,2,bin
2,control,off,Peace,1,0,0,agreement,Y,2,1,1,agreement,spray,0,1,basket
2,control,on,Shaka,1,0.166666667,0,agreement,+,3,1,1,agreement,spray,0,2,lamp
2,control,on,Fist,1,0.333333333,0.5,agreement,O,2,1,1,agreement,basket,1,2,basket
2,control,on,Thumbs up,2,0,0,agreement,T,3,1,1,agreement,plant,1,3,plant
2,control,on,Open Hand,1,0.666666667,0.5,agreement,/,3,1,1,agreement,bin,1,3,bin
2,control,on,Peace,1,0,0,agreement,Y,2,1,1,agreement,lamp,0,1,spray
2,control,on,OK,2,0.5,0.5,agreement,I,3,1,1,agreement,books,1,2,books
3,control,off,Shaka,1,0,0,agreement,I,3,1,1,agreement,plant,0,1,books
3,control,off,Fist,1,0,0,agreement,+,2,1,1,agreement,basket,0,2,bin
3,control,off,Open Hand,1,0,0,agreement,O,3,0.333333333,0.5,agreement,books,0,1,spray
3,control,off,Thumbs up,1,0.666666667,0.5,agreement,/,3,1,1,agreement,lamp,0,1,books
3,control,off,OK,2,0,0,agreement,T,3,1,1,agreement,bin,0,2,basket
3,control,off,Peace,1,0,0,agreement,Y,3,1,1,agreement,spray,1,1,spray
3,control,on,Shaka,2,0,0,agreement,+,3,1,1,agreement,spray,1,2,spray
3,control,on,Fist,1,0,0,agreement,O,3,0.166666667,0,agreement,basket,0,2,books
3,control,on,Thumbs up,2,0.166666667,0,agreement,T,2,1,1,agreement,plant,1,2,plant
3,control,on,Open Hand,2,0.333333333,0.5,agreement,/,3,1,1,agreement,bin,1,3,bin
3,control,on,Peace,1,0,0,agreement,Y,3,1,1,agreement,lamp,0,1,plant
3,control,on,OK,1,0,0,agreement,I,2,1,1,agreement,books,0,1,basket
4,control,off,Peace,1,0.166666667,0,agreement,Y,1,0,0,agreement,lamp,0,1,plant
4,control,off,Thumbs up,1,0.666666667,0.5,agreement,T,1,0,0,agreement,spray,1,1,spray
4,control,off,Fist,1,0,0,agreement,/,1,0,0,agreement,plant,0,1,bin
4,control,off,Shaka,1,0,0,agreement,O,1,1,1,agreement,bin,0,1,books
4,control,off,Open Hand,1,0,0,agreement,I,1,1,1,agreement,books,0,1,basket
4,control,off,OK,1,0,0,agreement,+,1,1,1,agreement,basket,0,1,lamp
4,control,on,OK,1,0,0,agreement,Y,1,0,0,agreement,lamp,0,1,bin
4,control,on,Open Hand,1,0,0,agreement,/,1,0,0,agreement,spray,1,1,spray
4,control,on,Shaka,1,1,1,agreement,T,1,0,0,agreement,books,0,1,lamp
4,control,on,Fist,1,0,0,agreement,O,1,0,0,agreement,bin,0,1,books
4,control,on,Thumbs up,1,0.333333333,0,agreement,I,1,0,0,agreement,plant,1,1,plant
4,control,on,Peace,1,0.5,0.5,agreement,+,1,0,0,agreement,basket,1,1,basket
5,opacity,off,Thumbs up,1,0,0,agreement,/,3,1,1,agreement,plant,1,1,plant
5,opacity,off,Peace,1,0,0,agreement,T,3,1,1,agreement,lamp,0,1,spray
5,opacity,off,Shaka,1,0.666666667,1,agreement,+,2,1,1,agreement,basket,0,1,lamp
5,opacity,off,Open Hand,1,0,0,agreement,O,2,1,1,agreement,bin,0,1,basket
5,opacity,off,OK,1,0,0,agreement,I,1,1,1,agreement,spray,0,1,books
5,opacity,off,Fist,1,0,0,agreement,Y,2,1,1,agreement,books,0,1,bin
5,opacity,on,OK,1,0,0,agreement,Y,2,1,1,agreement,basket,0,2,bin
5,opacity,on,Open Hand,1,0,0,agreement,T,1,0.5,0.5,agreement,books,1,2,books
5,opacity,on,Thumbs up,1,0,0,agreement,+,1,0,0,agreement,bin,0,3,plant
5,opacity,on,Shaka,1,0,0,agreement,/,1,1,1,agreement,plant,1,2,plant
5,opacity,on,Peace,1,0.166666667,0,agreement,O,1,0.333333333,0.5,agreement,spray,1,2,spray
5,opacity,on,Fist,1,0,0,agreement,I,1,1,1,agreement,lamp,1,3,lamp
6,control,off,OK,3,0.166666667,0,agreement,T,3,1,1,agreement,lamp,0,1,books
6,control,off,Fist,2,1,1,agreement,I,2,0.5,0.5,disagreement,books,0,1,basket
6,control,off,Peace,2,0.333333333,0.5,agreement,O,2,1,1,agreement,basket,0,1,lamp
6,control,off,Shaka,2,1,1,agreement,+,3,1,1,agreement,spray,0,2,lamp
6,control,off,Open Hand,2,1,1,agreement,/,2,0.5,0.5,agreement,bin,0,1,NA
6,control,off,Thumbs up,2,0.5,0.5,agreement,Y,2,1,1,agreement,plant,1,1,plant
6,control,on,Thumbs up,1,0,0,agreement,/,2,1,1,agreement,basket,0,1,plant
6,control,on,Shaka,1,0,0,agreement,O,2,1,1,agreement,plant,0,1,books
6,control,on,OK,2,0.833333333,1,agreement,Y,2,0.666666667,0.5,agreement,lamp,0,1,plant
6,control,on,Fist,2,0.5,0.5,agreement,T,2,1,1,agreement,bin,0,1,lamp
6,control,on,Open Hand,1,0.5,0.5,agreement,I,2,1,1,agreement,books,1,1,books
6,control,on,Peace,2,0.5,0.5,agreement,+,2,1,1,agreement,spray,0,1,bin
7,opacity,off,OK,1,0,0,agreement,/,2,1,1,agreement,plant,0,1,lamp
7,opacity,off,Peace,1,0,0,agreement,T,3,1,1,agreement,books,0,1,spray
7,opacity,off,Thumbs up,1,0,0,agreement,I,1,1,1,agreement,lamp,0,1,books
7,opacity,off,Shaka,1,0,0,agreement,O,1,0.333333333,0.5,agreement,bin,0,1,plant
7,opacity,off,Open Hand,1,0.166666667,0,agreement,+,2,1,1,agreement,spray,0,1,basket
7,opacity,off,Fist,1,0.5,0.5,agreement,Y,1,1,1,agreement,basket,0,1,bin
7,opacity,on,Peace,2,0.5,0.5,disagreement,Y,3,1,1,agreement,lamp,0,1,plant
7,opacity,on,Shaka,2,0.333333333,0.5,agreement,/,3,1,1,agreement,bin,1,1,bin
7,opacity,on,Fist,1,0.5,0.5,agreement,O,3,1,1,agreement,plant,0,1,books
7,opacity,on,OK,2,1,1,agreement,+,3,1,1,agreement,spray,1,1,spray
7,opacity,on,Thumbs up,1,0.166666667,0,agreement,T,3,1,1,agreement,basket,1,1,basket
7,opacity,on,Open Hand,1,0.333333333,0.5,agreement,I,3,1,1,agreement,books,0,1,bin
8,opacity,off,Thumbs up,1,0.333333333,0.5,agreement,+,3,1,1,agreement,lamp,0,2,plant
8,opacity,off,OK,1,0,0,agreement,/,3,1,1,agreement,books,0,2,bin
8,opacity,off,Shaka,1,0,0,agreement,T,3,1,1,agreement,basket,0,1,spray
8,opacity,off,Open Hand,1,0,0,agreement,Y,3,1,1,agreement,plant,1,3,plant
8,opacity,off,Peace,1,0,0,agreement,O,3,1,1,agreement,spray,0,1,basket
8,opacity,off,Fist,1,0,0,agreement,I,2,1,1,agreement,bin,0,2,lamp
8,opacity,on,Open Hand,2,0.5,0.5,agreement,Y,1,1,1,agreement,lamp,1,2,lamp
8,opacity,on,Shaka,2,0,0,agreement,T,1,1,1,agreement,plant,1,2,plant
8,opacity,on,Fist,1,0.166666667,0,agreement,I,1,0.666666667,0.5,agreement,spray,1,1,spray
8,opacity,on,Peace,2,0.5,0.5,agreement,+,1,1,1,agreement,bin,1,3,bin
8,opacity,on,OK,2,0.166666667,0,agreement,O,1,1,1,agreement,books,1,1,books
8,opacity,on,Thumbs up,2,0,0,agreement,/,2,1,1,agreement,basket,1,2,basket
9,color,off,Peace,1,0,0,agreement,I,3,1,1,agreement,plant,0,1,bin
9,color,off,Thumbs up,1,0,0,agreement,/,3,1,1,agreement,books,0,1,spray
9,color,off,OK,1,0.5,0.5,agreement,+,3,1,1,agreement,spray,0,1,books
9,color,off,Shaka,1,0,0,agreement,Y,3,1,1,agreement,basket,1,1,basket
9,color,off,Open Hand,1,0,0,agreement,T,3,1,1,agreement,bin,0,1,plant
9,color,off,Fist,1,0.333333333,0.5,agreement,O,3,1,1,agreement,lamp,1,1,lamp
9,color,on,Thumbs up,2,0.333333333,0.5,agreement,O,3,1,1,agreement,spray,1,2,spray
9,color,on,Fist,2,0,0,agreement,Y,3,1,1,agreement,lamp,1,3,lamp
9,color,on,Open Hand,2,0,0,agreement,+,3,1,1,agreement,plant,1,2,plant
9,color,on,Peace,2,0,0,agreement,I,3,1,1,agreement,basket,1,2,basket
9,color,on,Shaka,1,0.333333333,0.5,agreement,/,3,1,1,agreement,books,1,2,books
9,color,on,OK,2,0.333333333,0.5,agreement,T,3,1,1,agreement,bin,1,3,bin
10,opacity,off,Fist,1,0,0,agreement,/,3,1,1,agreement,bin,1,1,bin
10,opacity,off,Open Hand,1,0,0,agreement,+,3,1,1,agreement,lamp,0,1,spray
10,opacity,off,OK,2,0,0,agreement,T,3,1,1,agreement,spray,0,1,lamp
10,opacity,off,Shaka,1,0.5,0.5,agreement,I,3,1,1,agreement,basket,0,2,books
10,opacity,off,Peace,1,0,0,agreement,Y,3,1,1,agreement,plant,1,2,plant
10,opacity,off,Thumbs up,1,0,0,agreement,O,2,1,1,agreement,books,1,1,books
10,opacity,on,Peace,1,0.666666667,0.5,agreement,I,3,1,1,agreement,books,1,1,books
10,opacity,on,Shaka,1,0.166666667,0,agreement,+,3,1,1,agreement,basket,0,3,bin
10,opacity,on,Open Hand,1,0.5,0.5,agreement,T,3,1,1,agreement,lamp,1,2,lamp
10,opacity,on,Thumbs up,1,0.666666667,1,agreement,O,3,1,1,agreement,spray,1,2,spray
10,opacity,on,Fist,1,0,0,agreement,Y,3,1,1,agreement,bin,1,1,bin
10,opacity,on,OK,2,0,0,agreement,/,3,1,1,agreement,plant,1,2,plant
11,color,off,Open Hand,1,0,0,agreement,+,1,0,0,agreement,lamp,0,1,plant
11,color,off,Shaka,1,0,0,agreement,/,1,0,0,agreement,spray,0,1,basket
11,color,off,Fist,1,0,0,agreement,Y,1,0.5,0.5,agreement,books,1,1,books
11,color,off,OK,1,1,1,agreement,I,1,0,0,agreement,plant,0,1,bin
11,color,off,Thumbs up,1,0,0,agreement,O,1,0,0,agreement,basket,0,1,lamp
11,color,off,Peace,1,0.5,0.5,agreement,T,1,1,1,agreement,bin,0,1,spray
11,color,on,Peace,1,0,0,agreement,+,1,0,0,agreement,lamp,1,2,lamp
11,color,on,Thumbs up,1,0,0,agreement,I,3,1,1,agreement,plant,0,2,bin
11,color,on,OK,1,0,0,agreement,T,3,1,1,agreement,books,1,1,books
11,color,on,Fist,1,0,0,agreement,O,2,1,1,agreement,bin,0,2,basket
11,color,on,Shaka,1,0.5,0.5,agreement,/,2,1,1,agreement,basket,0,1,spray
11,color,on,Open Hand,1,0,0,agreement,Y,3,1,1,agreement,spray,1,1,spray
12,color,off,Shaka,1,0,0,agreement,O,2,1,1,agreement,basket,0,1,plant
12,color,off,Fist,1,0,0,agreement,/,3,0,0,agreement,spray,0,1,lamp
12,color,off,Thumbs up,1,0.333333333,0.5,agreement,Y,2,0.666666667,0.5,agreement,lamp,0,1,basket
12,color,off,OK,1,0,0,agreement,I,2,0.833333333,1,agreement,plant,0,1,books
12,color,off,Peace,1,0,0,agreement,+,2,1,1,agreement,books,0,1,bin
12,color,off,Open Hand,1,0,0,agreement,T,3,0.5,0.5,agreement,bin,0,1,spray
12,color,on,Open Hand,1,0.833333333,1,agreement,O,2,1,1,agreement,spray,1,1,spray
12,color,on,Thumbs up,1,0,0,agreement,+,3,1,1,agreement,books,1,1,books
12,color,on,OK,1,0,0,agreement,Y,3,1,1,agreement,basket,0,2,bin
12,color,on,Fist,1,0.333333333,0.5,agreement,/,2,1,1,agreement,bin,0,2,plant
12,color,on,Shaka,1,0,0,agreement,T,2,0.833333333,1,agreement,lamp,1,2,lamp
12,color,on,Peace,1,0,0,agreement,I,3,0.833333333,1,agreement,plant,1,2,plant
13,opacity,off,Shaka,1,0,0,agreement,+,3,0,0,agreement,lamp,0,1,books
13,opacity,off,Open Hand,1,0,0,agreement,O,3,1,1,agreement,basket,0,1,bin
13,opacity,off,Fist,1,0,0,agreement,I,3,1,1,agreement,books,0,1,spray
13,opacity,off,Thumbs up,1,1,1,agreement,/,2,0,0,agreement,spray,0,1,lamp
13,opacity,off,Peace,1,0.166666667,0,agreement,Y,3,0,0,agreement,plant,1,2,plant
13,opacity,off,OK,1,0,0,agreement,T,3,1,1,agreement,bin,0,2,basket
13,opacity,on,Open Hand,2,0,0,agreement,+,1,0,0,agreement,books,1,2,books
13,opacity,on,Thumbs up,2,0.5,0.5,agreement,/,2,0,0,agreement,lamp,1,2,lamp
13,opacity,on,Peace,2,0.5,0.5,disagreement,I,2,0.833333333,1,agreement,basket,1,2,basket
13,opacity,on,Shaka,1,0,0,agreement,Y,2,1,1,agreement,plant,1,3,plant
13,opacity,on,OK,1,0,0,agreement,O,1,0.833333333,1,agreement,spray,1,2,spray
13,opacity,on,Fist,1,0,0,agreement,T,1,0,0,agreement,bin,1,2,bin
14,color,off,Peace,1,0,0,agreement,O,3,1,1,agreement,spray,0,1,basket
14,color,off,Fist,1,0,0,agreement,T,3,1,1,agreement,plant,1,1,plant
14,color,off,Shaka,1,0.166666667,0,agreement,+,3,1,1,agreement,books,0,1,bin
14,color,off,OK,1,0,0,agreement,Y,3,1,1,agreement,bin,0,1,spray
14,color,off,Open Hand,1,1,1,agreement,I,2,1,1,agreement,lamp,0,1,basket
14,color,off,Thumbs up,1,0,0,agreement,/,3,0.666666667,0.5,agreement,basket,0,1,bin
14,color,on,Peace,1,0.5,0.5,agreement,+,3,1,1,agreement,lamp,1,2,lamp
14,color,on,Open Hand,1,0.5,0.5,disagreement,/,3,1,1,agreement,plant,1,1,plant
14,color,on,Shaka,1,0,0,agreement,Y,3,1,1,agreement,basket,1,1,basket
14,color,on,OK,1,0,0,agreement,I,3,1,1,agreement,books,0,1,spray
14,color,on,Fist,1,0,0,agreement,T,3,1,1,agreement,spray,0,1,books
14,color,on,Thumbs up,1,0,0,agreement,O,3,1,1,agreement,bin,1,1,bin
15,color,off,OK,1,0,0,agreement,/,2,1,1,agreement,bin,0,1,plant
15,color,off,Shaka,1,0,0,agreement,T,2,1,1,agreement,plant,0,2,basket
15,color,off,Open Hand,1,0,0,agreement,I,2,1,1,agreement,spray,1,1,spray
15,color,off,Thumbs up,1,0.333333333,0.5,agreement,Y,2,1,1,agreement,lamp,1,2,lamp
15,color,off,Peace,2,0,0,agreement,O,1,1,1,agreement,basket,0,1,books
15,color,off,Fist,2,0,0,agreement,+,2,1,1,agreement,books,0,2,plant
15,color,on,Thumbs up,1,0.333333333,0.5,agreement,O,2,0,1,agreement,lamp,1,2,lamp
15,color,on,Fist,1,0,0,agreement,/,1,0,0,agreement,bin,1,2,bin
15,color,on,Open Hand,1,0,0,agreement,Y,2,1,1,agreement,plant,0,1,books
15,color,on,Peace,2,0,0,agreement,I,2,0.5,0.5,agreement,basket,1,1,basket
15,color,on,Shaka,2,0,0,agreement,+,1,0.166666667,0,agreement,books,1,1,books
15,color,on,OK,1,0,0,agreement,T,3,0.333333333,0.5,agreement,spray,1,1,spray
16,control,off,Open Hand,1,0,0,agreement,Y,3,0.666666667,0.5,agreement,spray,0,1,bin
16,control,off,Peace,1,0.333333333,0.5,agreement,+,2,0.5,0.5,agreement,plant,1,2,plant
16,control,off,OK,2,0,0,agreement,T,3,1,1,agreement,books,1,1,books
16,control,off,Thumbs up,2,0,0,agreement,I,2,1,1,agreement,lamp,0,2,spray
16,control,off,Fist,1,1,1,agreement,/,1,0.666666667,0.5,agreement,basket,1,1,basket
16,control,off,Shaka,2,0,0,agreement,O,2,1,1,agreement,bin,0,1,plant
16,control,on,Peace,1,0,0,agreement,T,2,1,1,agreement,lamp,0,2,spray
16,control,on,Shaka,1,0,0,agreement,O,2,0.666666667,0.5,agreement,bin,0,2,basket
16,control,on,Fist,2,0,0,agreement,/,3,0,0,agreement,basket,0,2,books
16,control,on,Open Hand,1,0,0,agreement,I,2,0.666666667,0.5,agreement,spray,0,1,bin
16,control,on,OK,1,0,0,agreement,Y,1,1,1,agreement,books,0,1,spray
16,control,on,Thumbs up,1,0,0,agreement,+,2,0.333333333,0.5,agreement,plant,0,1,bin
17,control,off,Open Hand,1,0.333333333,0.5,agreement,T,3,1,1,agreement,basket,1,1,basket
17,control,off,Shaka,1,0,0,agreement,+,2,0,0,agreement,plant,1,1,plant
17,control,off,OK,1,0.5,0.5,agreement,/,1,1,1,agreement,bin,0,1,spray
17,control,off,Peace,1,0.166666667,0,agreement,O,1,0.333333333,0.5,agreement,spray,0,1,books
17,control,off,Thumbs up,1,0,0,agreement,Y,2,1,1,agreement,books,0,1,bin
17,control,off,Fist,1,0,0,agreement,I,1,1,1,agreement,lamp,1,1,lamp
17,control,on,Fist,1,0.166666667,0,agreement,T,3,1,1,agreement,plant,0,1,spray
17,control,on,Open Hand,1,0,0,agreement,O,3,0.333333333,0.5,agreement,spray,0,1,lamp
17,control,on,OK,1,0,0,agreement,/,2,1,1,agreement,lamp,0,1,bin
17,control,on,Shaka,1,0,0,agreement,+,1,0.833333333,1,agreement,bin,0,1,plant
17,control,on,Thumbs up,1,0,0,agreement,I,1,1,1,agreement,books,0,1,basket
17,control,on,Peace,1,0,0,agreement,Y,1,1,1,agreement,basket,0,1,books
18,color,off,Thumbs up,1,0,0,agreement,I,1,0.5,0.5,agreement,plant,1,1,plant
18,color,off,Peace,1,0,0,agreement,Y,1,1,1,agreement,bin,1,1,bin
18,color,off,Shaka,1,1,1,agreement,/,1,0,0,agreement,spray,0,1,basket
18,color,off,Fist,1,0,0,agreement,+,1,0.5,0.5,agreement,basket,0,1,lamp
18,color,off,Open Hand,1,0,0,agreement,T,1,1,1,agreement,lamp,0,1,books
18,color,off,OK,1,0.5,0.5,agreement,O,1,0.333333333,0.5,agreement,books,0,1,plant
18,color,on,OK,1,0,0,agreement,I,3,1,1,agreement,lamp,1,3,lamp
18,color,on,Thumbs up,2,0,0,agreement,T,3,1,1,agreement,books,1,2,books
18,color,on,Open Hand,1,0,0,agreement,/,3,1,1,agreement,spray,1,2,spray
18,color,on,Shaka,1,0,0,agreement,O,3,1,1,agreement,basket,1,2,basket
18,color,on,Peace,1,0.333333333,0.5,agreement,+,3,1,1,agreement,bin,1,3,bin
18,color,on,Fist,1,0.666666667,0.5,agreement,Y,3,1,1,agreement,plant,1,3,plant
19,control,off,Peace,1,0,0,agreement,+,1,0,0,agreement,plant,0,1,bin
19,control,off,OK,1,0.333333333,0.5,agreement,T,1,0,0,agreement,lamp,0,1,basket
19,control,off,Fist,1,0,0,agreement,I,2,0.166666667,0,agreement,spray,0,1,lamp
19,control,off,Thumbs up,1,0,0,agreement,O,1,0,0,agreement,bin,0,1,books
19,control,off,Open Hand,1,0.333333333,0.5,agreement,Y,2,0.333333333,0.5,agreement,books,0,1,plant
19,control,off,Shaka,1,0,0,agreement,/,1,0,0,agreement,basket,0,1,basket
19,control,on,Shaka,1,0,0,agreement,I,2,0.666666667,0.5,agreement,basket,0,1,books
19,control,on,Fist,1,0,0,agreement,O,1,0.5,0.5,disagreement,plant,1,1,plant
19,control,on,OK,1,0,0,agreement,T,1,1,1,agreement,lamp,0,1,spray
19,control,on,Thumbs up,1,0,0,agreement,+,1,0.333333333,0.5,agreement,spray,0,1,bin
19,control,on,Open Hand,1,0,0,agreement,Y,1,0,0,agreement,bin,0,1,lamp
19,control,on,Peace,1,0,0,agreement,/,1,0,0,agreement,books,1,1,books
20,opacity,off,Thumbs up,1,0,0,agreement,+,3,0.666666667,0.5,agreement,books,1,1,books
20,opacity,off,Shaka,1,0.333333333,0.5,agreement,T,3,1,1,agreement,spray,0,1,lamp
20,opacity,off,Peace,1,0.666666667,0.5,agreement,I,2,1,1,agreement,basket,0,1,bin
20,opacity,off,OK,1,0.333333333,0.5,agreement,/,3,0.5,0.5,agreement,lamp,0,1,spray
20,opacity,off,Fist,1,0,0,agreement,Y,3,1,1,agreement,plant,1,1,plant
20,opacity,off,Open Hand,1,0,0,agreement,O,2,1,1,agreement,bin,0,1,basket
20,opacity,on,Fist,1,1,1,agreement,I,3,1,1,agreement,basket,1,2,basket
20,opacity,on,Shaka,1,0.5,0.5,agreement,Y,3,1,1,agreement,spray,1,1,spray
20,opacity,on,Thumbs up,1,0.5,0.5,agreement,/,3,1,1,agreement,lamp,1,3,lamp
20,opacity,on,OK,1,0.5,0.5,agreement,O,3,1,1,agreement,plant,1,2,plant
20,opacity,on,Open Hand,1,1,1,agreement,+,3,1,1,agreement,bin,1,2,bin
20,opacity,on,Peace,1,0,0,agreement,T,3,1,1,agreement,books,1,1,books
21,opacity,off,Peace,2,0,0,agreement,+,1,NA,NA,NA,bin,0,1,lamp
21,opacity,off,Open Hand,2,0,0,agreement,I,2,0,0,agreement,lamp,0,1,spray
21,opacity,off,Shaka,1,0.166666667,0,agreement,Y,1,0,0,agreement,plant,0,1,bin
21,opacity,off,Fist,1,0,0,agreement,/,2,0,0,agreement,basket,1,1,basket
21,opacity,off,Thumbs up,1,0.333333333,0.5,agreement,T,1,0,0,agreement,books,0,1,plant
21,opacity,off,OK,2,0,0,agreement,O,2,0,0,agreement,spray,0,1,books
21,opacity,on,Fist,2,0.5,0.5,agreement,/,1,0,0,agreement,plant,0,2,bin
21,opacity,on,Thumbs up,1,0.333333333,0.5,agreement,I,1,0.166666667,0,agreement,spray,1,2,spray
21,opacity,on,Peace,1,0.666666667,0.5,agreement,O,1,0.166666667,0,agreement,lamp,0,1,books
21,opacity,on,Shaka,1,0,0,agreement,+,1,0,0,agreement,books,0,1,bin
21,opacity,on,Open Hand,2,1,1,agreement,Y,1,0,0,agreement,bin,0,2,plant
21,opacity,on,OK,1,0,0,agreement,T,1,0.833333333,1,agreement,basket,1,1,basket
22,color,off,Shaka,1,1,1,agreement,+,3,1,1,agreement,basket,1,1,basket
22,color,off,Peace,1,0,0,agreement,/,3,1,1,agreement,lamp,0,1,spray
22,color,off,Thumbs up,2,0.5,0.5,agreement,Y,3,1,1,agreement,spray,0,1,lamp
22,color,off,OK,1,0.5,0.5,agreement,T,3,1,1,agreement,bin,0,1,plant
22,color,off,Fist,1,0.333333333,0.5,agreement,I,2,0.833333333,1,agreement,books,1,1,books
22,color,off,Open Hand,1,0.333333333,0.5,agreement,O,1,0.833333333,1,agreement,plant,0,1,bin
22,color,on,Thumbs up,2,0.166666667,0,agreement,+,3,1,1,agreement,spray,1,1,spray
22,color,on,Shaka,1,0.5,0.5,disagreement,Y,3,1,1,agreement,basket,1,1,basket
22,color,on,Fist,1,1,1,agreement,/,3,1,1,agreement,plant,1,1,plant
22,color,on,Open Hand,1,0,0,agreement,I,3,1,1,agreement,lamp,0,1,bin
22,color,on,OK,2,0.5,0.5,agreement,O,3,1,1,agreement,books,1,1,books
22,color,on,Peace,1,0.666666667,0.5,agreement,T,3,1,1,agreement,bin,0,1,lamp
23,opacity,off,Open Hand,1,0.666666667,1,agreement,+,3,0.5,0.5,agreement,bin,0,1,lamp
23,opacity,off,OK,1,0,0,agreement,/,3,0.5,0.5,agreement,plant,1,2,plant
23,opacity,off,Peace,1,0,0,agreement,O,2,1,1,agreement,spray,0,1,bin
23,opacity,off,Thumbs up,1,0,0,agreement,T,2,1,1,agreement,lamp,0,1,basket
23,opacity,off,Fist,1,0,NA,agreement,Y,1,1,1,agreement,books,0,1,spray
23,opacity,off,Shaka,1,0,0,agreement,I,1,1,1,agreement,basket,0,1,books
23,opacity,on,Fist,2,1,1,agreement,Y,3,1,1,agreement,spray,0,1,basket
23,opacity,on,Thumbs up,1,0,0,agreement,/,3,0.666666667,0.5,agreement,plant,1,2,plant
23,opacity,on,OK,1,0.166666667,0,agreement,I,3,1,1,agreement,basket,0,1,spray
23,opacity,on,Peace,2,0,0,agreement,+,3,1,1,agreement,bin,0,2,books
23,opacity,on,Open Hand,1,0.666666667,1,agreement,O,3,1,1,agreement,lamp,1,3,lamp
23,opacity,on,Shaka,1,0.166666667,0,agreement,T,2,1,1,agreement,books,0,1,bin
24,control,off,Fist,1,0,0,agreement,+,2,0,0,agreement,basket,0,1,books
24,control,off,Open Hand,1,0,0,agreement,T,1,0.5,0.5,agreement,lamp,0,1,spray
24,control,off,OK,1,0,0,agreement,Y,2,0.833333333,1,agreement,bin,0,2,plant
24,control,off,Peace,1,0,0,agreement,I,1,0.333333333,0.5,agreement,plant,1,2,plant
24,control,off,Thumbs up,1,0.333333333,0.5,agreement,O,1,0,0,agreement,spray,1,1,lamp
24,control,off,Shaka,1,0,0,agreement,/,1,0,0,agreement,books,0,1,spray
24,control,on,OK,1,0,0,agreement,O,2,0.166666667,0,agreement,plant,1,2,plant
24,control,on,Open Hand,2,0,0,agreement,Y,1,0,0,agreement,lamp,0,1,spray
24,control,on,Thumbs up,1,0.333333333,0.5,agreement,/,2,1,1,agreement,books,0,1,lamp
24,control,on,Peace,1,0,0,agreement,I,2,1,1,agreement,bin,1,2,bin
24,control,on,Shaka,1,0,0,agreement,T,1,0.333333333,0.5,agreement,basket,1,2,basket
24,control,on,Fist,1,0.166666667,0,agreement,+,2,0.166666667,0,agreement,spray,0,1,lamp
25,control,off,Shaka,3,0.5,0.5,agreement,+,3,1,1,agreement,bin,0,1,books
25,control,off,Thumbs up,1,0.5,0.5,agreement,T,3,1,1,agreement,books,0,1,basket
25,control,off,Open Hand,2,1,1,agreement,Y,2,1,1,agreement,lamp,0,1,spray
25,control,off,OK,1,0.333333333,0.5,agreement,O,2,1,1,agreement,basket,1,1,basket
25,control,off,Peace,1,1,1,agreement,/,2,1,1,agreement,plant,1,3,plant
25,control,off,Fist,1,0.166666667,0,agreement,I,2,1,1,agreement,spray,1,2,spray
25,control,on,Thumbs up,3,1,1,agreement,+,3,1,1,agreement,books,1,2,books
25,control,on,OK,2,0.5,0.5,agreement,T,3,1,1,agreement,lamp,0,1,bin
25,control,on,Peace,1,0,0,agreement,I,3,1,1,agreement,spray,0,1,basket
25,control,on,Fist,1,1,1,agreement,/,3,1,1,agreement,bin,1,2,bin
25,control,on,Open Hand,2,0.833333333,1,agreement,O,3,1,1,agreement,basket,1,2,basket
25,control,on,Shaka,2,1,1,agreement,Y,3,1,1,agreement,plant,1,2,plant
26,opacity,off,Open Hand,1,0,0,agreement,O,2,0,0,agreement,bin,1,1,bin
26,opacity,off,Fist,1,0.166666667,0,agreement,I,1,0,0,agreement,lamp,1,1,lamp
26,opacity,off,Thumbs up,1,0,0,agreement,Y,1,0,0,agreement,spray,0,1,plant
26,opacity,off,OK,1,0,0,agreement,T,1,0,0,agreement,basket,0,1,spray
26,opacity,off,Peace,1,0.333333333,0.5,agreement,/,1,0,0,agreement,plant,0,1,basket
26,opacity,off,Shaka,1,0,0,agreement,+,1,0.166666667,0,agreement,books,0,1,plant
26,opacity,on,Peace,3,0,0,agreement,O,2,1,1,agreement,plant,0,3,lamp
26,opacity,on,Thumbs up,3,0,0,agreement,T,3,1,1,agreement,books,1,2,books
26,opacity,on,OK,2,1,1,agreement,+,3,1,1,agreement,lamp,1,3,lamp
26,opacity,on,Fist,2,0,0,agreement,I,3,1,1,agreement,bin,1,2,bin
26,opacity,on,Open Hand,2,0.333333333,0.5,agreement,Y,2,1,1,agreement,spray,1,2,spray
26,opacity,on,Shaka,2,0.166666667,0,agreement,/,2,1,1,agreement,basket,1,2,basket
27,color,off,Shaka,1,0,0,agreement,/,2,1,1,agreement,basket,0,1,spray
27,color,off,OK,1,0,0,agreement,Y,3,1,1,agreement,books,1,1,books
27,color,off,Peace,1,0,0,agreement,O,2,0.833333333,1,agreement,spray,0,1,lamp
27,color,off,Thumbs up,1,0.666666667,0.5,agreement,+,2,1,1,agreement,lamp,0,1,bin
27,color,off,Open Hand,1,0,0,agreement,I,2,1,1,agreement,plant,0,1,basket
27,color,off,Fist,1,0,0,agreement,T,3,1,1,agreement,bin,0,1,books
27,color,on,Thumbs up,2,0.666666667,0.5,agreement,+,3,1,1,agreement,lamp,1,2,lamp
27,color,on,Shaka,2,0.5,0.5,agreement,Y,3,1,1,agreement,plant,1,2,plant
27,color,on,Peace,2,0,0,agreement,I,3,1,1,agreement,books,1,1,books
27,color,on,OK,2,0.5,0.5,agreement,T,3,1,1,agreement,bin,1,2,bin
27,color,on,Fist,2,1,1,agreement,O,3,1,1,agreement,basket,1,2,basket
27,color,on,Open Hand,2,0,0,agreement,/,3,0.833333333,1,agreement,spray,1,2,spray
28,control,off,Thumbs up,1,0.333333333,0.5,agreement,/,1,0,0,agreement,bin,0,1,books
28,control,off,Shaka,1,0,0,agreement,T,2,1,1,agreement,spray,0,1,plant
28,control,off,OK,1,1,1,agreement,O,2,0.333333333,0.5,agreement,books,0,1,basket
28,control,off,Open Hand,1,0,0,agreement,+,1,0,0,agreement,basket,0,1,spray
28,control,off,Fist,1,0,0,agreement,I,2,0.166666667,0,agreement,plant,0,1,bin
28,control,off,Peace,1,0,0,agreement,Y,1,0,0,agreement,lamp,0,1,books
28,control,on,Shaka,1,0,0,agreement,/,1,0,0,agreement,spray,1,1,spray
28,control,on,Peace,1,0.333333333,0.5,agreement,T,1,0.333333333,0.5,agreement,basket,0,1,bin
28,control,on,Thumbs up,1,0.333333333,0.5,agreement,+,1,0.166666667,0,agreement,books,0,1,plant
28,control,on,Open Hand,1,0,0,agreement,Y,2,0,0,agreement,lamp,1,1,lamp
28,control,on,OK,1,0,0,agreement,I,1,0.5,0.5,disagreement,bin,0,1,basket
28,control,on,Fist,1,0,0,agreement,O,1,0.166666667,0,agreement,plant,0,1,bin
29,control,off,Thumbs up,1,0,0,agreement,+,1,0.166666667,0,agreement,plant,0,1,books
29,control,off,Fist,1,0,0,agreement,I,2,0,0,agreement,basket,0,1,bin
29,control,off,OK,1,0,0,agreement,O,2,0.666666667,1,agreement,spray,1,1,spray
29,control,off,Shaka,1,0,0,agreement,T,1,0.333333333,0.5,agreement,lamp,1,1,lamp
29,control,off,Open Hand,1,1,1,agreement,/,1,1,1,agreement,bin,0,1,basket
29,control,off,Peace,1,0,0,agreement,Y,2,0,0,agreement,books,0,1,spray
29,control,on,Thumbs up,1,0,0,agreement,I,1,0,0,agreement,books,0,1,plant
29,control,on,Shaka,1,0,0,agreement,T,1,0,0,agreement,lamp,0,1,books
29,control,on,Peace,1,0.166666667,0,agreement,O,1,0,0,agreement,plant,0,2,bin
29,control,on,Open Hand,1,0,0,agreement,Y,1,0.333333333,0.5,agreement,spray,1,1,spray
29,control,on,Fist,1,0,0,agreement,/,1,0.166666667,0,agreement,bin,0,2,basket
29,control,on,OK,1,0,0,agreement,+,2,1,1,agreement,basket,0,1,books
30,color,off,OK,1,0,0,agreement,I,2,1,1,agreement,bin,1,1,bin
30,color,off,Open Hand,1,0,0,agreement,/,2,0,0,agreement,lamp,0,1,spray
30,color,off,Shaka,1,0,0,agreement,Y,1,0.333333333,0.5,agreement,spray,0,1,lamp
30,color,off,Thumbs up,1,0,0,agreement,+,1,0.5,0.5,agreement,books,1,1,books
30,color,off,Peace,1,0,0,agreement,O,1,1,1,agreement,plant,0,1,basket
30,color,off,Fist,1,0.833333333,1,agreement,T,1,1,1,agreement,basket,0,1,bin
30,color,on,Open Hand,1,0.833333333,1,agreement,+,1,0,0,agreement,plant,1,2,plant
30,color,on,Fist,1,1,1,agreement,T,1,0,0,agreement,bin,0,1,lamp
30,color,on,OK,1,0,0,agreement,Y,1,0.5,0.5,agreement,spray,0,1,bin
30,color,on,Shaka,1,0.166666667,0,agreement,/,1,0,0,agreement,lamp,0,1,spray
30,color,on,Thumbs up,1,0.833333333,1,agreement,I,1,0.5,0.5,agreement,books,0,1,basket
30,color,on,Peace,1,0,0,agreement,O,2,1,1,agreement,basket,0,1,books
31,opacity,off,OK,1,0,0,agreement,+,2,1,1,agreement,spray,0,1,lamp
31,opacity,off,Open Hand,1,0,0,agreement,/,2,1,1,agreement,lamp,0,1,books
31,opacity,off,Fist,1,0,0,agreement,Y,2,1,1,agreement,bin,0,1,spray
31,opacity,off,Thumbs up,1,1,1,agreement,O,2,1,1,agreement,plant,0,1,bin
31,opacity,off,Peace,1,0.833333333,1,agreement,T,3,0.666666667,0.5,agreement,books,0,1,basket
31,opacity,off,Shaka,1,0.333333333,0.5,agreement,I,2,1,1,agreement,basket,0,1,plant
31,opacity,on,Fist,1,0,0,agreement,T,2,0.333333333,0.5,agreement,plant,1,2,plant
31,opacity,on,Shaka,1,0,0,agreement,+,2,1,1,agreement,basket,0,2,books
31,opacity,on,Peace,1,0,0,agreement,O,2,0.833333333,1,agreement,lamp,1,2,lamp
31,opacity,on,Open Hand,1,0,0,agreement,Y,2,0.333333333,0.5,agreement,spray,1,2,spray
31,opacity,on,OK,1,0,0,agreement,I,2,0,0,agreement,bin,0,2,basket
31,opacity,on,Thumbs up,1,0.5,0.5,agreement,/,2,1,1,agreement,books,0,2,bin
32,color,off,OK,1,0.166666667,0,agreement,+,1,0.333333333,0.5,agreement,lamp,0,1,basket
32,color,off,Shaka,1,0,0,agreement,O,2,0,0,agreement,books,0,2,plant
32,color,off,Thumbs up,1,1,1,agreement,I,1,0.166666667,0,agreement,basket,0,1,books
32,color,off,Peace,1,0,0,agreement,T,1,0,0,agreement,bin,0,1,lamp
32,color,off,Fist,1,0,0,agreement,Y,1,0,0,agreement,spray,0,1,bin
32,color,off,Open Hand,1,0.166666667,0,agreement,/,1,0,0,agreement,plant,0,1,books
32,color,on,Thumbs up,1,0,0,agreement,T,1,0,0,agreement,basket,0,1,bin
32,color,on,Fist,1,0.5,0.5,agreement,I,1,0,0,agreement,bin,0,1,plant
32,color,on,Peace,1,0,0,agreement,O,2,0,0,agreement,lamp,0,1,basket
32,color,on,Shaka,1,0.833333333,1,agreement,/,1,0,0,agreement,plant,0,1,bin
32,color,on,OK,1,0,0,agreement,Y,1,0.666666667,1,agreement,books,0,1,plant
32,color,on,Open Hand,1,0,0,agreement,+,1,0,0,agreement,spray,0,1,books
33,opacity,off,Shaka,1,0,0,agreement,T,1,1,1,agreement,lamp,0,1,bin
33,opacity,off,Open Hand,1,0,0,agreement,I,2,1,1,agreement,spray,0,1,plant
33,opacity,off,Fist,1,0,0,agreement,Y,2,0.666666667,0.5,agreement,bin,0,1,spray
33,opacity,off,Thumbs up,1,0,0,agreement,O,2,0.333333333,0.5,agreement,basket,0,1,lamp
33,opacity,off,OK,1,0.333333333,0.5,agreement,+,1,0,0,agreement,plant,0,1,basket
33,opacity,off,Peace,1,0,0,agreement,/,1,0.5,0.5,agreement,books,1,1,books
33,opacity,on,Peace,1,0,0,agreement,Y,2,1,1,agreement,books,0,1,bin
33,opacity,on,Thumbs up,1,0,0,agreement,/,2,1,1,agreement,plant,0,1,books
33,opacity,on,Shaka,1,0,0,agreement,+,2,0.5,0.5,agreement,spray,0,1,basket
33,opacity,on,Fist,1,0,0,agreement,I,1,1,1,agreement,bin,1,2,bin
33,opacity,on,Open Hand,1,0.166666667,0,agreement,T,2,1,1,agreement,lamp,1,2,lamp
33,opacity,on,OK,1,0,0,agreement,O,1,0.333333333,0.5,agreement,basket,0,1,spray
34,color,off,Peace,1,0,0,agreement,+,3,0.666666667,0.5,agreement,basket,0,1,books
34,color,off,Thumbs up,1,1,1,agreement,I,3,1,1,agreement,spray,0,1,plant
34,color,off,Open Hand,1,0,0,agreement,T,3,0.833333333,1,agreement,books,0,1,bin
34,color,off,OK,1,0.166666667,0,agreement,Y,2,1,1,agreement,lamp,1,1,lamp
34,color,off,Fist,1,0,0,agreement,O,1,1,1,agreement,bin,0,1,basket
34,color,off,Shaka,1,0,0,agreement,/,3,1,1,agreement,plant,0,1,spray
34,color,on,Peace,1,0,0,agreement,I,3,0.333333333,0.5,agreement,lamp,1,1,lamp
34,color,on,OK,1,0.5,0.5,agreement,Y,2,0.666666667,0.5,agreement,basket,0,1,plant
34,color,on,Open Hand,1,0,0,agreement,/,2,0.333333333,0.5,agreement,spray,1,1,spray
34,color,on,Fist,1,1,1,agreement,T,1,0.833333333,1,agreement,books,1,2,books
34,color,on,Thumbs up,1,0,0,agreement,+,2,1,1,agreement,bin,1,2,bin
34,color,on,Shaka,1,0.5,0.5,agreement,O,1,1,1,agreement,plant,0,2,basket
35,opacity,off,Fist,1,0.5,0.5,agreement,+,1,0,0,agreement,spray,0,1,lamp
35,opacity,off,Peace,1,0,0,agreement,I,1,0.5,0.5,agreement,plant,0,1,books
35,opacity,off,Shaka,1,0,0,agreement,/,1,0.333333333,0.5,agreement,lamp,0,1,basket
35,opacity,off,OK,1,0.5,0.5,agreement,Y,2,1,1,agreement,basket,0,1,plant
35,opacity,off,Thumbs up,1,0,0,agreement,O,2,0.666666667,0.5,agreement,books,0,1,bin
35,opacity,off,Open Hand,1,0,0,agreement,T,1,0,0,agreement,bin,0,1,plant
35,opacity,on,Shaka,2,0,0,agreement,+,3,0.333333333,0.5,agreement,plant,1,2,plant
35,opacity,on,Peace,2,0.833333333,1,agreement,/,2,0,0,agreement,bin,1,2,bin
35,opacity,on,OK,2,0.166666667,0,agreement,O,3,1,1,agreement,lamp,0,2,spray
35,opacity,on,Thumbs up,2,0,0,agreement,Y,3,1,1,agreement,basket,0,1,books
35,opacity,on,Fist,2,0.166666667,0,agreement,I,2,1,1,agreement,books,0,1,basket
35,opacity,on,Open Hand,2,0.166666667,0,agreement,T,2,1,1,agreement,spray,0,1,lamp
36,control,off,Peace,1,0,0,agreement,O,2,0.5,0.5,agreement,plant,0,1,basket
36,control,off,Open Hand,1,0,0,agreement,I,2,1,1,agreement,spray,1,1,spray
36,control,off,Fist,1,0,0,agreement,/,1,0.166666667,0,agreement,bin,0,1,books
36,control,off,Thumbs up,1,0.5,0.5,agreement,Y,2,0.166666667,0,agreement,basket,0,1,lamp
36,control,off,Shaka,1,0,0,agreement,+,2,0.333333333,0.5,agreement,books,0,1,bin
36,control,off,OK,1,0,0,agreement,T,2,0,0,agreement,lamp,0,1,plant
36,control,on,Thumbs up,1,0,0,agreement,O,2,0.333333333,0.5,agreement,bin,0,1,lamp
36,control,on,Peace,1,0,0,agreement,+,1,1,1,agreement,plant,0,1,bin
36,control,on,OK,1,0,0,agreement,I,1,0,0,agreement,books,1,1,books
36,control,on,Shaka,1,0.833333333,1,agreement,Y,1,0.5,0.5,agreement,lamp,0,1,plant
36,control,on,Open Hand,1,0.166666667,0,agreement,T,2,0,0,agreement,spray,0,1,basket
36,control,on,Fist,1,0,0,agreement,/,1,0.5,0.5,agreement,basket,0,1,spray
37,color,off,Fist,1,0,0,agreement,T,2,1,1,agreement,books,0,1,lamp
37,color,off,Shaka,1,0,0,agreement,+,2,0.333333333,0.5,agreement,lamp,0,1,plant
37,color,off,Open Hand,1,0,0,agreement,Y,1,0,0,agreement,plant,0,1,books
37,color,off,OK,1,0.166666667,0,agreement,/,1,1,1,agreement,basket,0,1,spray
37,color,off,Thumbs up,1,0,0,agreement,O,1,0,0,agreement,spray,0,1,basket
37,color,off,Peace,1,0,0,agreement,I,1,1,1,agreement,bin,1,1,bin
37,color,on,OK,1,0.333333333,0.5,agreement,Y,1,0,0,agreement,lamp,0,1,spray
37,color,on,Fist,1,1,1,agreement,I,1,0,0,agreement,bin,1,2,bin
37,color,on,Shaka,1,0,0,agreement,O,1,1,1,agreement,books,1,1,books
37,color,on,Thumbs up,1,0.166666667,0,agreement,T,1,0.166666667,0,agreement,spray,1,1,spray
37,color,on,Peace,1,0,0,agreement,+,1,1,1,agreement,basket,1,1,basket
37,color,on,Open Hand,1,0.333333333,0.5,agreement,/,1,1,1,agreement,plant,1,1,plant
38,control,off,Fist,1,0.333333333,0.5,agreement,O,1,0,0,agreement,bin,0,1,spray
38,control,off,Thumbs up,1,0.333333333,0.5,agreement,/,1,0.666666667,0.5,agreement,plant,0,1,basket
38,control,off,Shaka,1,0,0,agreement,Y,1,0,0,agreement,books,0,1,bin
38,control,off,OK,1,0.5,0.5,agreement,+,1,1,1,agreement,spray,0,1,books
38,control,off,Open Hand,1,0,0,agreement,I,1,0,0,agreement,basket,0,1,plant
38,control,off,Peace,1,1,1,agreement,T,1,0,0,agreement,lamp,0,1,spray
38,control,on,Open Hand,1,0,0,agreement,+,1,0.833333333,1,agreement,basket,0,1,plant
38,control,on,OK,1,0,0,agreement,T,1,1,1,agreement,spray,0,1,lamp
38,control,on,Thumbs up,1,1,1,agreement,Y,1,0,0,agreement,bin,0,1,spray
38,control,on,Fist,1,0,0,agreement,/,1,1,1,agreement,lamp,0,1,books
38,control,on,Peace,1,0.5,0.5,agreement,I,1,0,0,agreement,plant,0,1,bin
38,control,on,Shaka,1,0.5,0.5,agreement,O,1,0,0,agreement,books,0,1,basket
39,opacity,off,Thumbs up,1,0,0,agreement,T,2,0.833333333,1,agreement,plant,1,1,plant
39,opacity,off,Open Hand,1,0,0,agreement,+,2,1,1,agreement,spray,0,1,books
39,opacity,off,Shaka,1,0,0,agreement,Y,2,1,1,agreement,basket,1,1,basket
39,opacity,off,Peace,1,0,0,agreement,O,2,1,1,agreement,books,0,1,bin
39,opacity,off,OK,1,0.333333333,0.5,agreement,/,1,1,1,agreement,bin,0,1,plant
39,opacity,off,Fist,1,0,0,agreement,I,1,1,1,agreement,lamp,0,1,spray
39,opacity,on,Shaka,2,0.833333333,1,agreement,/,2,1,1,agreement,lamp,1,2,lamp
39,opacity,on,Fist,1,0,0,agreement,+,2,1,1,agreement,plant,1,2,plant
39,opacity,on,Peace,2,0,0,agreement,O,2,0.166666667,0,agreement,books,1,2,books
39,opacity,on,OK,2,0.166666667,0,agreement,Y,1,1,1,agreement,spray,1,2,spray
39,opacity,on,Thumbs up,2,1,1,agreement,I,2,1,1,agreement,basket,1,2,basket
39,opacity,on,Open Hand,1,0,0,agreement,T,2,1,1,agreement,bin,1,2,bin
40,color,off,Shaka,1,0.166666667,0,agreement,/,1,0,0,agreement,basket,0,1,lamp
40,color,off,OK,1,0,0,agreement,Y,2,1,1,agreement,plant,0,1,basket
40,color,off,Thumbs up,1,0,0,agreement,I,2,1,1,agreement,books,1,1,books
40,color,off,Open Hand,1,0.666666667,0.5,agreement,+,1,0,0,agreement,spray,1,1,spray
40,color,off,Fist,1,0.5,0.5,disagreement,O,2,0.333333333,0.5,agreement,lamp,0,1,bin
40,color,off,Peace,1,0,0,agreement,T,1,0,0,agreement,bin,0,1,plant
40,color,on,Thumbs up,1,0,0,agreement,Y,1,0.666666667,0.5,agreement,books,1,1,books
40,color,on,Open Hand,1,0,0,agreement,+,1,0,0,agreement,basket,0,1,lamp
40,color,on,Fist,1,0,0,agreement,I,1,0,0,agreement,lamp,0,1,plant
40,color,on,Peace,1,0.333333333,0.5,agreement,O,1,0.333333333,0.5,agreement,spray,1,1,spray
40,color,on,Shaka,1,0,0,agreement,/,1,1,1,agreement,plant,0,1,bin
40,color,on,OK,1,0,0,agreement,T,1,0,0,agreement,bin,0,1,lamp
41,opacity,off,Open Hand,1,0,0,agreement,I,2,0,0,agreement,lamp,0,1,books
41,opacity,off,Peace,1,0,0,agreement,+,1,0,0,agreement,basket,0,1,bin
41,opacity,off,Shaka,1,0.166666667,0,agreement,Y,1,0,0,agreement,plant,0,1,spray
41,opacity,off,Thumbs up,1,0,0,agreement,T,1,0,0,agreement,bin,0,1,lamp
41,opacity,off,Fist,1,0,0,agreement,O,1,0.333333333,0.5,agreement,spray,0,1,basket
41,opacity,off,OK,1,0,0,agreement,/,1,0,0,agreement,books,0,1,plant
41,opacity,on,Thumbs up,1,0,0,agreement,/,1,0,0,agreement,plant,1,2,plant
41,opacity,on,Shaka,1,0.166666667,0,agreement,+,1,0,0,agreement,lamp,0,1,books
41,opacity,on,Peace,1,0.166666667,0,agreement,I,1,0.5,0.5,agreement,spray,1,1,spray
41,opacity,on,Fist,1,0.333333333,0.5,agreement,O,1,0.5,0.5,agreement,books,0,2,lamp
41,opacity,on,OK,1,0,0,agreement,Y,1,0,0,agreement,basket,0,1,plant
41,opacity,on,Open Hand,1,0.166666667,0,agreement,T,1,1,1,agreement,bin,1,2,bin
42,control,off,Thumbs up,1,0,0,agreement,/,2,1,1,agreement,lamp,0,1,basket
42,control,off,Shaka,1,0,0,agreement,T,3,0.5,0.5,agreement,plant,0,1,lamp
42,control,off,Fist,1,0,0,agreement,I,2,1,1,agreement,bin,0,1,books
42,control,off,OK,1,0,0,agreement,+,2,1,1,agreement,books,1,1,books
42,control,off,Peace,1,0,0,agreement,O,2,0.5,0.5,agreement,spray,1,1,spray
42,control,off,Open Hand,1,0.166666667,0,agreement,Y,2,0.5,0.5,agreement,basket,0,1,bin
42,control,on,Peace,1,0,0,agreement,Y,3,1,1,agreement,spray,0,1,plant
42,control,on,Fist,1,0,0,agreement,T,2,1,1,agreement,lamp,0,1,books
42,control,on,Thumbs up,1,0,0,agreement,I,2,0.5,0.5,agreement,basket,0,1,lamp
42,control,on,Shaka,1,0,0,agreement,O,2,1,1,agreement,bin,0,1,spray
42,control,on,OK,1,0,0,agreement,+,2,1,1,agreement,books,0,1,plant
42,control,on,Open Hand,1,0,0,agreement,/,2,1,1,agreement,plant,0,2,bin
43,color,off,Peace,1,0,0,agreement,Y,3,1,1,agreement,books,1,1,books
43,color,off,OK,1,0,0,agreement,O,1,1,1,agreement,plant,0,1,bin
43,color,off,Thumbs up,1,0,0,agreement,I,2,0,0,agreement,spray,0,1,lamp
43,color,off,Shaka,1,0,0,agreement,+,2,0,0,agreement,bin,0,1,spray
43,color,off,Fist,1,0,0,agreement,T,2,0,0,agreement,lamp,0,1,plant
43,color,off,Open Hand,1,0.166666667,0,agreement,/,2,0.5,0.5,agreement,basket,0,1,books
43,color,on,OK,3,0.333333333,0.5,agreement,T,3,1,1,agreement,bin,0,2,basket
43,color,on,Thumbs up,3,0,0,agreement,I,3,1,1,agreement,books,1,2,books
43,color,on,Peace,3,0,0,agreement,O,3,1,1,agreement,plant,0,3,lamp
43,color,on,Shaka,3,0,0,agreement,/,3,1,1,agreement,lamp,1,3,lamp
43,color,on,Fist,2,0,0,agreement,Y,3,1,1,agreement,basket,1,3,basket
43,color,on,Open Hand,2,0.5,0.5,disagreement,+,3,0,0,agreement,spray,1,1,spray
44,opacity,off,Open Hand,1,0.666666667,0.5,agreement,/,1,0.5,0.5,agreement,lamp,0,1,spray
44,opacity,off,OK,1,0.166666667,0,agreement,I,1,1,1,agreement,spray,0,1,basket
44,opacity,off,Thumbs up,1,0,0,agreement,Y,1,0.5,0.5,agreement,basket,0,1,books
44,opacity,off,Fist,1,0,0,agreement,O,1,0.5,0.5,agreement,plant,0,1,lamp
44,opacity,off,Peace,1,0,0,agreement,T,1,1,1,agreement,bin,0,1,plant
44,opacity,off,Shaka,1,0,0,agreement,+,1,0,0,agreement,books,0,1,bin
44,opacity,on,Peace,1,0,0,agreement,+,1,0.166666667,0,agreement,basket,0,1,books
44,opacity,on,Open Hand,1,0,0,agreement,/,1,0.333333333,0.5,agreement,plant,1,1,plant
44,opacity,on,Thumbs up,1,0,0,agreement,T,1,1,1,agreement,lamp,0,1,spray
44,opacity,on,OK,1,0,0,agreement,I,1,0,0,agreement,spray,0,1,bin
44,opacity,on,Shaka,1,0,0,agreement,O,1,0,0,agreement,bin,0,1,lamp
44,opacity,on,Fist,1,0,0,agreement,Y,1,0,0,agreement,books,1,1,books
45,control,off,Open Hand,1,0,0,agreement,O,2,0,0,agreement,lamp,0,1,bin
45,control,off,Shaka,1,0.333333333,0.5,agreement,T,2,0,0,agreement,bin,0,2,plant
45,control,off,Peace,1,0,0,agreement,/,1,0,0,agreement,plant,0,1,books
45,control,off,OK,2,0,0,agreement,Y,1,0.333333333,0.5,agreement,basket,0,1,lamp
45,control,off,Fist,1,0,0,agreement,+,1,0,0,agreement,books,0,1,basket
45,control,off,Thumbs up,1,0.5,NA,disagreement,I,2,1,1,agreement,spray,1,1,spray
45,control,on,Thumbs up,2,0,0,agreement,T,1,0,0,agreement,lamp,0,1,spray
45,control,on,Peace,1,0,0,agreement,Y,2,0.5,0.5,disagreement,basket,0,2,lamp
45,control,on,Open Hand,1,0,0,agreement,/,3,0.833333333,1,agreement,plant,0,1,books
45,control,on,OK,1,0,0,agreement,+,2,0,0,agreement,bin,0,1,plant
45,control,on,Shaka,1,0,0,agreement,I,2,0,0,agreement,spray,0,1,basket
45,control,on,Fist,1,0,0,agreement,O,1,0,0,agreement,books,0,1,lamp
46,color,off,Peace,1,0,0,agreement,T,1,0,0,agreement,spray,0,1,books
46,color,off,Thumbs up,1,0,0,agreement,I,1,0.5,0.5,agreement,books,0,1,bin
46,color,off,Open Hand,1,0,0,agreement,/,1,0,0,agreement,lamp,0,1,plant
46,color,off,Shaka,1,0.5,0.5,agreement,O,1,0.666666667,0.5,agreement,basket,0,1,lamp
46,color,off,OK,1,0,0,agreement,+,1,0,0,agreement,bin,0,1,spray
46,color,off,Fist,1,0,0,agreement,Y,1,1,1,agreement,plant,0,1,basket
46,color,on,Peace,1,0,0,agreement,O,1,1,1,agreement,plant,0,1,lamp
46,color,on,Shaka,1,0,0,agreement,+,1,0,0,agreement,bin,1,2,bin
46,color,on,Open Hand,1,0,0,agreement,/,1,0,0,agreement,books,1,2,books
46,color,on,OK,1,0.333333333,0.5,agreement,T,1,0,0,agreement,basket,1,2,basket
46,color,on,Thumbs up,1,0,0,agreement,I,1,0.333333333,0.5,agreement,spray,1,2,spray
46,color,on,Fist,1,0,0,agreement,Y,1,0.333333333,0,agreement,lamp,0,1,plant
47,opacity,off,Thumbs up,1,0,0,agreement,O,1,0,0,agreement,basket,0,1,books
47,opacity,off,Open Hand,1,0,0,agreement,T,1,0.333333333,0.5,agreement,books,0,1,basket
47,opacity,off,Shaka,1,0,0,agreement,I,1,0,0,agreement,plant,0,1,spray
47,opacity,off,Peace,1,0,0,agreement,/,1,0,0,agreement,lamp,0,1,plant
47,opacity,off,OK,1,0.333333333,0.5,agreement,Y,1,0.166666667,0,agreement,bin,1,2,bin
47,opacity,off,Fist,1,0,0,agreement,+,1,0,0,agreement,spray,0,1,basket
47,opacity,on,Fist,1,0.5,NA,disagreement,T,1,0,0,agreement,lamp,0,2,spray
47,opacity,on,OK,1,0,0,agreement,Y,1,0,0,agreement,bin,0,1,books
47,opacity,on,Thumbs up,1,0,0,agreement,+,1,0,0,agreement,spray,0,1,bin
47,opacity,on,Shaka,1,0,0,agreement,I,1,0.5,0.5,agreement,basket,1,1,basket
47,opacity,on,Peace,1,0,0,agreement,/,1,0,0,agreement,plant,0,1,lamp
47,opacity,on,Open Hand,1,0,0,agreement,O,1,0,0,agreement,books,1,1,books
48,control,off,OK,2,0,0,agreement,O,2,0,0,agreement,basket,0,1,plant
48,control,off,Shaka,2,0,0,agreement,/,2,1,1,agreement,spray,0,2,books
48,control,off,Open Hand,2,0,0,agreement,I,2,1,1,agreement,books,0,1,basket
48,control,off,Peace,1,0,0,agreement,T,1,1,1,agreement,plant,0,1,spray
48,control,off,Thumbs up,1,0,0,agreement,Y,2,0,0,agreement,bin,1,2,bin
48,control,off,Fist,1,0,0,agreement,+,1,0.333333333,0.5,agreement,lamp,1,1,lamp
48,control,on,Open Hand,1,0,0,agreement,Y,2,0.166666667,0,agreement,lamp,0,1,spray
48,control,on,Peace,1,0,0,agreement,/,2,0.666666667,0.5,agreement,basket,0,1,plant
48,control,on,OK,1,0,0,agreement,+,1,1,1,agreement,plant,0,2,basket
48,control,on,Fist,1,0,0,agreement,T,1,0,0,agreement,bin,0,2,books
48,control,on,Shaka,1,0,0,agreement,I,2,0,0,agreement,books,0,1,books
48,control,on,Thumbs up,1,0.166666667,0,agreement,O,2,1,1,agreement,spray,0,1,bin
